
create database systemV1  DEFAULT CHARACTER SET utf8;

use systemV1; 


# Host: 192.168.1.102  (Version: 5.0.20-nt)
# Date: 2014-03-08 14:52:22
# Generator: MySQL-Front 5.3  (Build 4.56)

/*!40101 SET NAMES utf8 */;

#
# Structure for table "class"
#

DROP TABLE IF EXISTS `class`;
CREATE TABLE `class` (
  `id` int(11) NOT NULL auto_increment,
  `className` varchar(128) NOT NULL,
  `classNotice` varchar(512) default NULL,
  `teacher` varchar(64) default NULL,
  `payAmount` float default NULL,
  `modifyDate` timestamp NOT NULL default CURRENT_TIMESTAMP,
  `createDate` timestamp NOT NULL default '0000-00-00 00:00:00',
  PRIMARY KEY  (`id`)
) ENGINE=InnoDB DEFAULT CHARSET=utf8;

#
# Data for table "class"
#
use systemV1;
INSERT INTO `class` VALUES (1,'2013大班','近期有家长义工','李燕琳',1680,'2013-11-08 19:40:29','2013-11-08 19:40:29'),(2,'托班','近期有家长义工活动','李荣',1880,'2013-11-23 15:27:48','2013-11-08 20:01:36'),(3,'中班','近期有家长义工活动','郎艳平',1680,'2013-11-08 20:06:22','2013-11-08 20:06:22'),(4,'小班','近期有家长义工活动','黄小玉',1680,'2013-12-09 17:12:27','2013-11-08 20:08:25'),(5,'playway二（下）','本周发放续费通知单','尹月月',1880,'2013-11-23 16:06:46','2013-11-23 16:06:46'),(6,'半日班','12月费用该续费了','胡',1280,'2013-12-05 07:33:48','2013-12-05 07:28:49'),(7,'生活用品','生活用品只能整套购买','胡健康',128,'2013-12-12 09:06:41','2013-12-12 09:06:41');

#
# Structure for table "payway"
#

DROP TABLE IF EXISTS `payway`;
CREATE TABLE `payway` (
  `id` int(11) NOT NULL auto_increment,
  `payway` varchar(512) default NULL,
  `discount` float default NULL,
  `modifyDate` timestamp NOT NULL default CURRENT_TIMESTAMP,
  `createDate` timestamp NOT NULL default '0000-00-00 00:00:00',
  `cid` int(11) default NULL,
  PRIMARY KEY  (`id`),
  KEY `cid` (`cid`),
  CONSTRAINT `payway_ibfk_1` FOREIGN KEY (`cid`) REFERENCES `class` (`id`) ON DELETE CASCADE
) ENGINE=InnoDB DEFAULT CHARSET=utf8;

#
# Data for table "payway"
#

INSERT INTO `payway`(id,payway,discount,modifyDate,createDate,cid) VALUES (1,'月付',0.8,'2013-11-08 19:40:29','2013-11-08 19:40:29',1),(2,'季付',0.8,'2013-11-08 19:40:29','2013-11-08 19:40:29',1),(3,'半年付',0.8,'2013-11-08 19:40:29','2013-11-08 19:40:29',1),(4,'月付',1,'2013-11-08 19:40:29','2013-11-08 19:40:29',1),(5,'季付',0.85,'2013-11-23 15:27:48','2013-11-08 20:01:36',2),(6,'月付',0.8,'2013-11-23 15:27:48','2013-11-08 20:01:36',2),(7,'月付',1,'2013-11-23 15:27:48','2013-11-08 20:01:36',2),(8,'季付',0.9,'2013-11-23 15:27:48','2013-11-08 20:01:36',2),(9,'月付',0.7,'2013-11-08 20:06:22','2013-11-08 20:06:22',3),(10,'季付',0.8,'2013-11-08 20:06:22','2013-11-08 20:06:22',3),(11,'季付',0.85,'2013-12-09 17:12:27','2013-11-08 20:08:25',4),(12,'季付',0.8,'2013-12-09 17:12:28','2013-11-08 20:08:25',4),(13,'季付',0.88,'2013-12-09 17:12:28','2013-11-08 20:08:25',4),(14,'季付',0.9,'2013-12-09 17:12:28','2013-11-08 20:08:25',4),(15,'月付',1,'2013-12-09 17:12:28','2013-11-23 14:56:30',4),(16,'月付',0.92,'2013-12-09 17:12:28','2013-11-23 14:56:30',4),(17,'季付',0.8,'2013-11-23 15:27:48','2013-11-23 15:27:48',2),(18,'季付',0.9,'2013-11-23 16:06:46','2013-11-23 16:06:46',5),(19,'月付',1,'2013-12-05 07:33:48','2013-12-05 07:28:49',6),(20,'季付',0.85,'2013-12-05 07:33:48','2013-12-05 07:28:49',6),(21,'',1,'2013-12-05 07:33:48','2013-12-05 07:33:48',6),(22,'月付',1,'2013-12-12 09:06:41','2013-12-12 09:06:41',7);

#
# Structure for table "user"
#

DROP TABLE IF EXISTS `user`;
CREATE TABLE `user` (
  `id` int(11) NOT NULL auto_increment,
  `username` varchar(128) NOT NULL,
  `password` varchar(128) NOT NULL,
  `type` varchar(16) default NULL,
  `status` varchar(16) default NULL,
  `modifyDate` timestamp NOT NULL default CURRENT_TIMESTAMP,
  `createDate` timestamp NOT NULL default '0000-00-00 00:00:00',
  PRIMARY KEY  (`id`)
) ENGINE=InnoDB DEFAULT CHARSET=utf8;

#
# Data for table "user"
#

INSERT INTO `user` VALUES (2,'包文渊','*D0E55518110B512709E99854AEB3C777A6887843','super','useable','2013-11-07 11:26:13','2013-11-04 22:23:13'),(3,'徐文霞','*E6CC90B878B948C35E92B003C792C46C58C4AF40','normal','useable','2013-11-05 09:04:25','2013-11-05 09:04:25'),(5,'穆赫','*A04551B2296C219759155D72667A7A5D45F9CF3F','normal','useable','2014-01-14 07:33:26','2013-11-08 19:30:03'),(6,'黄小玉','*E6CC90B878B948C35E92B003C792C46C58C4AF40',NULL,NULL,'2013-11-08 20:08:53','2013-11-08 20:08:53'),(7,'郎艳平','*E6CC90B878B948C35E92B003C792C46C58C4AF40',NULL,NULL,'2013-11-08 20:09:03','2013-11-08 20:09:03'),(8,'李燕琳','*E6CC90B878B948C35E92B003C792C46C58C4AF40',NULL,NULL,'2013-11-08 20:09:18','2013-11-08 20:09:18'),(9,'李荣','*E6CC90B878B948C35E92B003C792C46C58C4AF40',NULL,NULL,'2013-11-08 20:09:46','2013-11-08 20:09:46'),(10,'胡健康','*E6CC90B878B948C35E92B003C792C46C58C4AF40',NULL,NULL,'2013-11-08 20:09:56','2013-11-08 20:09:56');

#
# Structure for table "student"
#

DROP TABLE IF EXISTS `student`;
CREATE TABLE `student` (
  `id` int(11) NOT NULL auto_increment,
  `name` varchar(32) NOT NULL,
  `sex` char(6) NOT NULL,
  `age` date default NULL,
  `address` varchar(128) default NULL,
  `contact` varchar(64) default NULL,
  `mobilePhone` varchar(32) default NULL,
  `email` varchar(64) default NULL,
  `telephone` varchar(32) default NULL,
  `dataFrom` varchar(128) default NULL,
  `status` varchar(128) default NULL,
  `doesBill` tinyint(1) default NULL,
  `modifyDate` timestamp NOT NULL default CURRENT_TIMESTAMP on update CURRENT_TIMESTAMP,
  `createDate` timestamp NOT NULL default '0000-00-00 00:00:00',
  `uid` int(11) default NULL,
  PRIMARY KEY  (`id`),
  KEY `uid` (`uid`),
  CONSTRAINT `student_ibfk_1` FOREIGN KEY (`uid`) REFERENCES `user` (`id`) ON DELETE CASCADE
) ENGINE=InnoDB DEFAULT CHARSET=utf8;

#
# Data for table "student"
#

INSERT INTO `student`(id,name,sex,age,address,contact,mobilePhone,email,telephone,dataFrom,status,doesBill,modifyDate,createDate,uid) 
VALUES (1,'ss','2','2003-10-02',NULL,NULL,NULL,NULL,NULL,NULL,NULL,NULL,'2013-11-04 22:23:14','0000-00-00 00:00:00',NULL),(2,'ss','2','2004-10-02',NULL,NULL,NULL,NULL,NULL,NULL,NULL,NULL,'2013-11-04 22:23:14','0000-00-00 00:00:00',NULL),(3,'ss','2','2005-10-02',NULL,NULL,NULL,NULL,NULL,NULL,NULL,NULL,'2013-11-04 22:23:14','0000-00-00 00:00:00',NULL),(4,'温绍昆','male','2012-04-01','天龙苑','爸爸','18611129384','123@qq.com','123','市场','长期跟踪',0,'2013-11-15 17:26:31','2013-11-05 16:05:49',3),(5,'潘思豫','female','2012-02-01','天龙苑','外公','18701013730','123@qq.com','123','市场','长期跟踪',0,'2013-11-15 09:08:28','2013-11-05 16:09:59',3),(6,'古铮','male','2012-07-01','天龙苑','妈妈 付楠楠','13701295079','123@qq.com','123','市场','长期跟踪',0,'2013-11-15 09:09:51','2013-11-05 16:37:50',3),(7,'高宇昕','male','2012-05-01','天龙苑','外婆','13439898130','123@qq.com','123','市场','长期跟踪',0,'2013-11-15 09:14:41','2013-11-05 16:41:27',3),(8,'陈沛瑶','female','2012-07-01','天龙苑','外婆','13811718338','123@qq.com','123','市场','长期跟踪',0,'2013-11-15 09:26:14','2013-11-05 16:44:44',3),(9,'林墨涵','female','2012-09-18','天龙苑','妈妈林蕾','15911144808','123@qq.com','123','市场','长期跟踪',0,'2013-11-15 09:35:43','2013-11-05 16:47:12',3),(10,'王玥琪','female','2012-07-01','天龙苑','妈妈','13810024917','123@qq.com','123','市场','长期跟踪',NULL,'2013-11-05 16:50:30','2013-11-05 16:50:30',3),(11,'天晓','female','2012-10-01','天龙苑','妈妈','13810672616','123@qq.com','123','市场','长期跟踪',NULL,'2013-11-05 16:52:32','2013-11-05 16:52:32',3),(12,'鑫鑫','male','2012-06-01','天龙苑','妈妈','15611217632','123@qq.com','123','市场','长期跟踪',NULL,'2013-11-05 16:54:58','2013-11-05 16:54:58',3),(13,'卓拉','female','2013-01-01','天龙苑','妈妈','13146126502','123@qq.com','123','市场','长期跟踪',NULL,'2013-11-05 16:55:50','2013-11-05 16:55:50',3),(14,'王心','female','2009-08-01','龙锦5','妈妈','13601087492','123@qq.com','123','市场','长期跟踪',NULL,'2013-11-05 16:59:38','2013-11-05 16:59:38',3),(15,'武雨恒','male','2011-10-10','矩阵','妈妈','18600061312','123@qq.com','123','市场','长期跟踪',0,'2013-11-15 11:33:43','2013-11-05 17:06:24',3),(16,'飞飞 解皓天','male','2011-04-01','矩阵','妈妈','13691563180','123@qq.com','123','市场','已报名 小班',0,'2013-11-15 11:35:09','2013-11-05 17:09:24',3),(17,'张宇','male','2011-05-01','龙锦东五区','妈妈','13581610656','123@qq.com','123','市场','长期跟踪',0,'2013-11-15 11:37:52','2013-11-05 17:13:18',3),(18,'许梓轩','male','2008-01-01','矩阵','妈妈','13810468909','123@qq.com','123','市场','长期跟踪',0,'2013-11-15 11:39:34','2013-11-05 17:15:59',3),(20,'韩佳玲','female','2011-07-01','矩阵','妈妈','18701442821','123@qq.com','123','市场','长期跟踪',0,'2013-11-15 14:16:02','2013-11-06 08:58:49',3),(21,'胡语涵','female','2011-07-01','矩阵','姑姑','13932908525','123@qq.com','123','市场','长期跟踪',0,'2013-11-15 16:35:58','2013-11-06 09:01:50',3),(22,'董子舒','male','2011-10-01','矩阵','爸爸','13811431457','123@qq.com','123','市场','长期跟踪',0,'2013-11-15 11:51:52','2013-11-06 09:19:15',3),(23,'刘舒晨','female','2012-10-01','矩阵','妈妈','15811290508','123@qq.com','123','市场','长期跟踪',0,'2013-11-15 11:53:30','2013-11-06 09:31:23',3),(24,'李欣悦','female','2012-07-01','矩阵','妈妈','15810851836','123@qq.com','123','市场','长期跟踪',0,'2013-11-15 17:24:27','2013-11-06 09:39:34',3),(25,'悠悠','female','2012-04-01','矩阵小区','妈妈','18910724689','123@qq.com','123','市场','长期跟踪',NULL,'2013-11-06 10:53:57','2013-11-06 10:53:57',3),(26,'邢煜坤','male','2011-10-01','矩阵','妈妈','13126635638','123@qq.com','123','市场','已报名',1,'2013-11-13 08:52:31','2013-11-06 11:17:16',3),(27,'柳熙芮','female','2012-07-01','矩阵','小名 小龙女','13321167258','123@qq.com','15300183995 爸爸','市场','长期跟踪',0,'2013-11-14 14:44:47','2013-11-06 11:45:32',3),(28,'杨慧慈','female','2009-09-22','矩阵20-6-201','妈妈','13683668715','123@126.com','80753220','口碑','已报名',1,'2013-11-08 19:42:31','2013-11-08 19:38:55',2),(61,'米乐','male','2011-04-01','矩阵小区','奶奶','13161103699','123@qq.com','123','市场','长期跟踪',NULL,'2013-11-13 09:29:20','2013-11-13 09:29:20',3),(62,'闹闹','male','2012-11-26','矩阵小区','外婆','15652918939','123@qq.com','123','市场','长期跟踪',0,'2013-11-15 14:21:07','2013-11-13 09:32:17',3),(63,'昊昊','male','2011-03-01','矩阵','妈妈','13811594653','123@qq.com','123','市场','已交定金',0,'2013-11-15 14:31:24','2013-11-13 09:34:01',3),(64,'侯佩涵','female','2012-10-01','矩阵','爸爸','13404360988','123@qq.com','15910605654','市场','长期跟踪',0,'2013-11-15 14:35:40','2013-11-13 09:35:04',3),(65,'李思萌 芊芊','female','2011-10-01','矩阵','奶奶','18701273091','123@qq.com','112','市场','长期跟踪',0,'2013-11-15 14:37:50','2013-11-13 09:36:10',3),(66,'杨多多','female','2012-02-01','矩阵','妈妈','13146398755','123@qq.com','123','市场','长期跟踪',0,'2013-11-15 14:38:31','2013-11-13 09:38:01',3),(67,'张好','female','2008-11-17','矩阵','妈妈','13718801515','123@qq.com','123','市场','长期跟踪',NULL,'2013-11-13 09:39:31','2013-11-13 09:39:31',3),(68,'陈奕','female','2008-11-17','矩阵','妈妈','13691059460','123@qq.com','123','市场','长期跟踪',NULL,'2013-11-13 09:41:37','2013-11-13 09:41:37',3),(69,'陈嘉潼','female','2011-03-01','矩阵','妈妈','13671008678','123@qq.com','123','市场','长期跟踪',NULL,'2013-11-13 09:45:29','2013-11-13 09:45:29',3),(70,'刘力铭','male','2010-12-01','矩阵','爸爸','13331196028','123@qq.com','123','市场','长期跟踪',0,'2013-11-15 14:59:47','2013-11-13 09:47:12',3),(71,'宋铭泽','male','2012-03-01','矩阵','妈妈','18686394266','123@qq.com','13104686806','市场','长期跟踪',NULL,'2013-11-13 09:49:59','2013-11-13 09:49:59',3),(72,'祁浩宇','male','0001-01-01','矩阵','妈妈','13810366252','123@qq.com','123','市场','长期跟踪',0,'2013-11-15 15:09:40','2013-11-13 09:52:38',3),(73,'李洲童','female','2010-06-01','矩阵','妈妈','15901116396','123@qq.com','123','市场','长期跟踪',0,'2013-11-15 15:08:11','2013-11-13 09:55:14',3),(74,'宁宁','female','2011-01-01','矩阵','妈妈','18001126938','123@qq.com','123','市场','长期跟踪',0,'2013-11-15 15:13:35','2013-11-13 10:39:28',3),(75,'顶顶 错号','male','2012-12-01','矩阵','妈妈','13522159236','123@qq.com','123','市场','长期跟踪',0,'2013-11-15 15:15:33','2013-11-13 10:40:51',3),(76,'萝卜 拉拉朋友','female','2010-10-01','矩阵','妈妈','18610514789','123@qq.com','123','市场','长期跟踪',0,'2013-11-15 15:16:12','2013-11-13 10:42:57',3),(77,'胡博涵','male','2011-03-01','矩阵','妈妈','13146870958','123@qq.com','123','市场','长期跟踪',0,'2013-11-15 15:18:38','2013-11-13 11:11:34',3),(78,'宝迪','male','2011-01-01','矩阵','奶奶','13982065886','123@qq.com','123','市场','长期跟踪',0,'2013-11-15 15:21:20','2013-11-13 11:16:58',3),(79,'肖瑜桐','female','2011-01-01','矩阵','妈妈','13601378428','123@qq.com','123','市场','长期跟踪',0,'2013-11-15 15:28:16','2013-11-13 11:18:27',3),(80,'锦鸿','male','2012-04-01','矩阵','妈妈','13661101508','123@qq.com','123','市场','长期跟踪',0,'2013-11-15 15:32:00','2013-11-13 11:21:25',3),(81,'杨宇辰 五一','male','2011-05-01','矩阵','爸爸','13911339230','123@qq.com','123','市场','长期跟踪',0,'2013-11-15 15:35:49','2013-11-13 11:36:33',3),(82,'鲍小凡','female','2011-02-01','龙锦5','妈妈','13810204855','123@qq.com','123','市场','长期跟踪',0,'2013-11-15 15:41:09','2013-11-13 11:37:45',3),(83,'张煜凡','male','2011-07-01','矩阵','妈妈','18610216814','123@qq.com','123','市场','已报名',0,'2014-02-27 17:38:11','2013-11-13 11:50:14',3),(84,'昊昊','male','2011-01-01','矩阵','妈妈','13681406658','123@qq.com','123','市场','长期跟踪',NULL,'2013-11-13 11:51:03','2013-11-13 11:51:03',3),(85,'八斤','male','2012-04-01','矩阵','妈妈','15611815988','123@qq.com','123','市场','长期跟踪',NULL,'2013-11-13 11:55:00','2013-11-13 11:55:00',3),(86,'李婧熙','female','2011-05-01','矩阵','奶奶','13331183920','123@qq.com','123','市场','长期跟踪',0,'2013-11-15 15:49:29','2013-11-13 11:56:41',3),(87,'李默涵','female','2012-10-01','矩阵','妈妈','15911144808','123@qq.com','123','市场','长期跟踪',NULL,'2013-11-13 17:14:44','2013-11-13 17:14:44',3),(88,'张瀚方','male','2012-10-01','矩阵','爷爷','13803961409','123@qq.com','123','市场','长期跟踪',0,'2013-11-15 15:59:16','2013-11-13 17:16:03',3),(89,'林林','male','2013-01-01','矩阵','妈妈','15321990121','123@qq.com','123','市场','长期跟踪',NULL,'2013-11-13 17:16:55','2013-11-13 17:16:55',3),(90,'杨佳妮 茂茂','female','2011-10-01','矩阵','妈妈','18610607109','123@qq.com','123','市场','长期跟踪',NULL,'2013-11-14 09:39:43','2013-11-14 09:39:43',3),(91,'苏杭','male','2011-12-01','矩阵','妈妈','13811835686','123@qq.com','123','市场','长期跟踪',0,'2013-11-15 16:35:11','2013-11-14 10:51:54',3),(92,'袁鸿儒','male','2009-10-01','矩阵','妈妈','13810012986','123@qq.com','123','市场','长期跟踪',0,'2013-11-14 16:06:31','2013-11-14 11:17:14',3),(93,'刘佳印','female','2013-05-01','矩阵','外婆','18640275702','123@qq.com','123','市场','长期跟踪',1,'2013-11-14 11:29:50','2013-11-14 11:29:50',3),(94,'邢玉杰','male','2011-10-01','矩阵','妈妈','13671352966','123@qq.com','123','市场','长期关注',NULL,'2013-11-14 11:35:06','2013-11-14 11:35:06',3),(95,'陈逸晗','female','2011-06-01','矩阵','奶奶','13701039455','123@qq.com','123','市场','长期关注',NULL,'2013-11-14 11:36:58','2013-11-14 11:36:58',3),(96,'凤','female','2012-11-01','矩阵','奶奶','18610590027','123@qq.com','123','市场','长期跟踪',NULL,'2013-11-14 11:42:40','2013-11-14 11:42:40',3),(97,'赵则涵','female','2012-07-01','矩阵','阿姨','13261770569','123@qq.com','123','市场','长期跟踪',NULL,'2013-11-14 11:44:17','2013-11-14 11:44:17',3),(98,'梁书歆','female','2012-10-01','矩阵','妈妈','13811710604','123@qq.com','123','市场','长期跟踪',NULL,'2013-11-14 11:46:43','2013-11-14 11:46:43',3),(99,'吴丹娜','female','2012-08-01','矩阵','妈妈','18610361387','123@qq.com','123','市场','长期跟踪',NULL,'2013-11-14 11:48:35','2013-11-14 11:48:35',3),(100,'陈月童','female','2012-09-01','矩阵','爸爸','18001329979','123@qq.com','123','市场','长期跟踪',NULL,'2013-11-14 11:50:10','2013-11-14 11:50:10',3),(101,'杜烨铭 珠珠','female','2012-05-01','矩阵','妈妈','13811892799','123@qq.com','123','市场','长期跟踪',NULL,'2013-11-14 11:52:49','2013-11-14 11:52:49',3),(102,'蒋梦涵','female','2012-11-01','矩阵',',妈妈','13683161160','123@qq.com','123','市场','长期跟踪',1,'2013-11-14 11:55:38','2013-11-14 11:55:38',3),(103,'王田一','male','2012-07-01','矩阵','妈妈','13321167258','123@qq.com','123','市场','长期跟踪',NULL,'2013-11-14 14:42:40','2013-11-14 14:42:40',3),(104,'陈凯？','male','2011-06-01','矩阵','妈妈','13661344825','123@qq.com','123','市场','长期跟踪',NULL,'2013-11-14 14:43:47','2013-11-14 14:43:47',3),(105,'依依','female','2012-01-01','矩阵','老人','15300183995','123@qq.com','123','市场','长期跟踪',NULL,'2013-11-14 14:46:13','2013-11-14 14:46:13',3),(106,'李馨悦','female','0001-01-01','矩阵','妈妈','18810861318','123@qq.com','123','市场','长期跟踪',NULL,'2013-11-14 14:47:13','2013-11-14 14:47:13',3),(107,'张昕','male','2011-09-01','矩阵','妈妈','13260408460','123@qq.com','123','市场','长期跟踪',NULL,'2013-11-14 14:49:29','2013-11-14 14:49:29',3),(108,'夏雨？','female','2011-12-01','矩阵','妈妈','13810092427','123@qq.com','123','市场','长期跟踪',NULL,'2013-11-14 14:53:40','2013-11-14 14:53:40',3),(109,'康？然','male','0001-01-01','矩阵','妈妈','13301006299','123@qq.com','123','市场','长期跟踪',NULL,'2013-11-14 14:58:13','2013-11-14 14:58:13',3),(110,'张霏童','female','2009-04-02','矩阵','妈妈','13161597807','123@qq.com','123','市场','长期跟踪',NULL,'2013-11-14 14:59:04','2013-11-14 14:59:04',3),(111,'阚莫','male','0001-01-01','矩阵','奶奶','13520279770','123@qq.com','123','市场','长期跟踪',NULL,'2013-11-14 14:59:46','2013-11-14 14:59:46',3),(112,'刘若洪','male','2012-01-01','矩阵','爸爸','13810583368','123@qq.com','123','市场','长期跟踪',NULL,'2013-11-14 15:02:05','2013-11-14 15:02:05',3),(113,'赵湛泸','male','2010-02-20','矩阵','妈妈','13141315915','123@qq.com','123','市场','长期跟踪',NULL,'2013-11-14 15:02:50','2013-11-14 15:02:50',3),(114,'董若凡','male','2009-07-01','矩阵','妈妈','13501145138','123@qq.com','123','市场','长期跟踪',NULL,'2013-11-14 15:05:31','2013-11-14 15:05:31',3),(115,'秦佳璇','female','2011-09-01','矩阵','妈妈','15110173190','123@qq.com','123','市场','长期跟踪',NULL,'2013-11-14 15:06:41','2013-11-14 15:06:41',3),(116,'王悦然','female','2010-06-01','矩阵','妈妈','13601398808','123@qq.com','123','市场','长期跟踪',NULL,'2013-11-14 15:08:23','2013-11-14 15:08:23',3),(117,'李铭泽','male','2009-06-21','矩阵','妈妈','15300161378','123@qq.com','123','市场','长期跟踪',NULL,'2013-11-14 15:09:23','2013-11-14 15:09:23',3),(118,'刘智博','male','0001-01-01','矩阵','妈妈','13501191026','123@qq.com','123','市场','已送培杰',NULL,'2013-11-14 15:10:39','2013-11-14 15:10:39',3),(119,'郭晨','female','2010-07-01','龙锦','爸爸','13810697601','123@qq.com','123','市场','长期跟踪',NULL,'2013-11-14 15:12:48','2013-11-14 15:12:48',3),(120,'刘远琛','male','2010-04-29','矩阵','妈妈','13321195226','123@qq.com','123','市场','长期跟踪',NULL,'2013-11-14 15:16:01','2013-11-14 15:16:01',3),(121,'胡智宇','male','2010-03-29','矩阵','妈妈','18611516705','123@qq.com','81749732','市场','长期跟踪',NULL,'2013-11-14 15:16:50','2013-11-14 15:16:50',3),(122,'？','male','0001-01-01','矩阵','妈妈','13621051546','123@qq.com','123','市场','长期跟踪',NULL,'2013-11-14 15:18:33','2013-11-14 15:18:33',3),(123,'王景胜','male','2010-12-01','矩阵','妈妈','13681578495','123@qq.com','123','市场','长期跟踪',NULL,'2013-11-14 15:19:31','2013-11-14 15:19:31',3),(124,'胡碧云','female','2009-05-01','和谐','妈妈','13911376511','123@qq.com','123','市场','长期跟踪',NULL,'2013-11-14 15:21:08','2013-11-14 15:21:08',3),(125,'白云鹤','female','2009-10-01','矩阵','妈妈','13621058517','123@qq.com','123','市场','长期跟踪',NULL,'2013-11-14 15:25:44','2013-11-14 15:25:44',3),(126,'楚楚','female','2009-12-01','矩阵','妈妈','13801225723','123@qq.com','123','市场','长期跟踪',NULL,'2013-11-14 15:28:52','2013-11-14 15:28:52',3),(127,'融融','male','2012-03-01','矩阵','爸爸','13910952116','123@qq.com','123','市场','长期跟踪',NULL,'2013-11-14 15:30:48','2013-11-14 15:30:48',3),(128,'生朗谦','male','2010-05-01','矩阵','妈妈','13681469455','123@qq.com','123','市场','长期跟踪',NULL,'2013-11-14 15:31:56','2013-11-14 15:31:56',3),(129,'多多','female','2012-12-01','矩阵','爸爸','13522001844','123@qq.com','15011193184','市场','长期跟踪',NULL,'2013-11-14 15:33:27','2013-11-14 15:33:27',3),(130,'聂雨筝','female','2011-02-01','矩阵','妈妈','13001032757','123@qq.com','123','市场','长期跟踪',NULL,'2013-11-14 15:44:51','2013-11-14 15:44:51',3),(131,'瞳童','female','2011-01-01','矩阵','妈妈','13834121645','123@qq.com','81743705','市场','长期跟踪',NULL,'2013-11-14 15:45:48','2013-11-14 15:45:48',3),(132,'琳琳','female','2010-06-01','矩阵','妈妈','15601068157','123@qq.com','123','市场','长期跟踪',NULL,'2013-11-14 15:46:30','2013-11-14 15:46:30',3),(133,'怡诺','female','2010-03-01','龙锦5','妈妈','18211198323','123@qq.com','123','市场','长期跟踪',NULL,'2013-11-14 15:47:41','2013-11-14 15:47:41',3),(134,'陈禹行','male','2010-06-01','矩阵','妈妈','13811271551','123@qq.com','123','市场','长期跟踪',NULL,'2013-11-14 15:48:46','2013-11-14 15:48:46',3),(135,'刘岑泽','male','2010-07-01','矩阵','妈妈','13241986438','123@qq.com','123','市场','长期跟踪',NULL,'2013-11-14 15:49:48','2013-11-14 15:49:48',3),(136,'李宇涵','male','2010-09-01','矩阵','妈妈','18611070679','123@qq.com','123','市场','长期跟踪',NULL,'2013-11-14 15:50:40','2013-11-14 15:50:40',3),(137,'阳阳','male','2009-09-01','矩阵','妈妈','1','123@qq.com','80753220','市场','长期跟踪',NULL,'2013-11-14 15:51:49','2013-11-14 15:51:49',3),(138,'王一淼','female','2010-05-01','矩阵','妈妈','13366033718','123@qq.com','123','市场','长期跟踪',NULL,'2013-11-14 15:52:43','2013-11-14 15:52:43',3),(139,'吴玲','female','2011-01-01','矩阵','妈妈','13811345585','123@qq.com','123','市场','长期跟踪',NULL,'2013-11-14 15:54:48','2013-11-14 15:54:48',3),(140,'开开','male','2009-11-01','流星花园','妈妈','13621248594','123@qq.com','123','市场','长期跟踪',NULL,'2013-11-14 15:56:24','2013-11-14 15:56:24',3),(141,'昊昊','male','2010-06-01','矩阵','爸爸','13911270037','123@qq.com','1','市场','长期跟踪',NULL,'2013-11-14 15:57:08','2013-11-14 15:57:08',3),(142,'小雨','female','2010-09-01','矩阵','妈妈','13810356133','123@qq.com','123','市场','长期跟踪',NULL,'2013-11-14 15:57:49','2013-11-14 15:57:49',3),(143,'果果 朵朵','male','2011-04-01','矩阵','妈妈','13810148439','123@qq.com','1','市场','长期跟踪',NULL,'2013-11-14 15:59:31','2013-11-14 15:59:31',3),(144,'珊珊 倩倩','female','2010-03-01','矩阵','妈妈','62963018','123@qq.com','1','市场','长期跟踪',NULL,'2013-11-14 16:01:46','2013-11-14 16:01:46',3),(145,'宋海宾','male','2010-12-01','矩阵','妈妈','13439392187','123@qq.com','1','市场','长期跟踪',NULL,'2013-11-14 16:04:17','2013-11-14 16:04:17',3),(146,'君君','female','2010-08-01','矩阵','妈妈','13521728130','123@qq.com','1','市场','长期跟踪',NULL,'2013-11-14 16:05:32','2013-11-14 16:05:32',3),(147,'王琪','female','2011-02-01','龙锦5','妈妈','13911343512','123@qq.com','1','市场','长期跟踪',NULL,'2013-11-14 16:16:53','2013-11-14 16:16:53',3),(148,'王雨晨 小学托管','female','2005-01-01','龙回苑','妈妈','13810306546','123@qq.com','1','市场','长期跟踪',NULL,'2013-11-14 16:28:30','2013-11-14 16:28:30',3),(149,'李籽辰','female','2011-12-01','矩阵','妈妈','13811659276','123@qq.com','1','市场','长期跟踪',NULL,'2013-11-14 16:30:22','2013-11-14 16:30:22',3),(150,'张采煜','female','2009-07-01','矩阵','妈妈','13810591266','123@qq.com','1','市场','长期跟踪',NULL,'2013-11-14 16:34:09','2013-11-14 16:34:09',3),(151,'李明哲','male','0001-01-01','矩阵','妈妈','15206419515','123@qq.com','1','市场','长期跟踪',NULL,'2013-11-14 16:35:25','2013-11-14 16:35:25',3),(152,'孙伟晨','male','2010-04-01','矩阵','妈妈','1','123@qq.com','58862037','市场','长期跟踪',NULL,'2013-11-14 16:36:20','2013-11-14 16:36:20',3),(153,'苗苗','female','2013-01-01','矩阵','妈妈','18910650830','123@qq.com','1','市场','长期跟踪',0,'2013-11-15 17:27:03','2013-11-14 16:37:32',3),(154,'吴庸轩','male','2011-08-01','矩阵','妈妈','13718462112','123@qq.com','1','市场','长期跟踪',NULL,'2013-11-14 16:39:38','2013-11-14 16:39:38',3),(155,'李浩姚','male','0001-01-01','矩阵','妈妈','13146686951','123@qq.com','1','市场','长期跟踪',NULL,'2013-11-14 16:40:30','2013-11-14 16:40:30',3),(156,'田田','male','2011-08-01','矩阵','妈妈','13691052606','123@qq.com','1','市场','长期跟踪',NULL,'2013-11-14 16:42:11','2013-11-14 16:42:11',3),(157,'团团','male','2011-04-18','矩阵','妈妈','13681589762','123@qq.com','1','市场','长期跟踪',NULL,'2013-11-14 16:49:46','2013-11-14 16:49:46',3),(158,'胡家淇 小美','female','2010-04-01','龙锦','妈妈','13671042318','123@qq.com','1','市场','长期跟踪',NULL,'2013-11-14 16:51:43','2013-11-14 16:51:43',3),(159,'宋美阈','female','2011-09-01','紫金新干线','妈妈','158106289552','123@qq.com','1','市场','长期跟踪',NULL,'2013-11-14 16:53:50','2013-11-14 16:53:50',3),(160,'胡睿哲','male','2011-04-01','矩阵','妈妈','18601101229','123@qq.com','1','市场','长期跟踪',NULL,'2013-11-14 16:54:50','2013-11-14 16:54:50',3),(161,'茜茜（辰辰朋友）','female','2010-05-01','龙锦','妈妈','15011060223','123@qq.com','1','市场','长期跟踪',NULL,'2013-11-14 16:56:35','2013-11-14 16:56:35',3),(162,'樊雨涵','female','2011-03-01','矩阵','妈妈','81746478','123@qq.com','1','市场','长期跟踪',NULL,'2013-11-14 16:57:52','2013-11-14 16:57:52',3),(163,'高睿林','male','2010-01-01','矩阵','妈妈','13693250199','123@qq.com','1','市场','长期跟踪',NULL,'2013-11-14 16:58:35','2013-11-14 16:58:35',3),(164,'杨思淇','male','2011-09-01','矩阵','妈妈','15810291873','123@qq.com','1','市场','长期跟踪',NULL,'2013-11-14 17:00:42','2013-11-14 17:00:42',3),(165,'曹雨恬','female','2011-07-01','矩阵','妈妈','18600928974','123@qq.com','1','市场','长期跟踪',NULL,'2013-11-14 17:01:54','2013-11-14 17:01:54',3),(166,'林怀宇','male','2010-07-01','矩阵','爷爷','13691244469','123@qq.com','1','市场','长期跟踪',NULL,'2013-11-14 17:03:06','2013-11-14 17:03:06',3),(167,'希希','female','2011-03-01','矩阵','奶奶','15901076310','123@qq.com','1','市场','长期跟踪',NULL,'2013-11-14 17:04:03','2013-11-14 17:04:03',3),(168,'史昊冉','male','2011-04-01','矩阵','妈妈','13403198859','123@qq.com','1','市场','长期跟踪',NULL,'2013-11-14 17:05:53','2013-11-14 17:05:53',3),(169,'齐齐','female','2012-06-01','矩阵','妈妈','15201208026','123@qq.com','1','市场','长期跟踪',NULL,'2013-11-14 17:07:02','2013-11-14 17:07:02',3),(170,'福福','male','2012-02-01','矩阵','妈妈','13124767919','123@qq.com','1','市场','长期跟踪',NULL,'2013-11-14 17:08:32','2013-11-14 17:08:32',3),(171,'猪妹','female','2012-03-01','矩阵','妈妈','18610213173','123@qq.com','1','市场','长期跟踪',NULL,'2013-11-14 17:10:28','2013-11-14 17:10:28',3),(172,'韩云婺','female','2012-01-01','矩阵','妈妈','13522271382','123@qq.com','1','市场','长期跟踪',NULL,'2013-11-14 17:11:53','2013-11-14 17:11:53',3),(173,'阳阳','male','2012-03-01','1','妈妈','18910255990','123@qq.com','1','市场','长期跟踪',0,'2013-11-14 17:15:25','2013-11-14 17:14:13',3),(174,'皓皓','male','2009-12-01','矩阵','妈妈','13810783821','123@qq.com','1','市场','长期跟踪',NULL,'2013-11-14 17:16:15','2013-11-14 17:16:15',3),(175,'小布丁','male','2011-07-01','矩阵','外婆','18211120948','123@qq.com','1','市场','长期跟踪',NULL,'2013-11-14 17:17:05','2013-11-14 17:17:05',3),(176,'皮皮','male','2011-10-01','矩阵','妈妈','13466336879','123@qq.com','1','市场','长期跟踪',NULL,'2013-11-14 17:18:45','2013-11-14 17:18:45',3),(177,'贾思哲','male','2011-09-01','矩阵','妈妈','13522685977','123@qq.com','1','市场','长期跟踪',NULL,'2013-11-14 17:20:17','2013-11-14 17:20:17',3),(178,'高美涵','female','2010-12-01','矩阵','妈妈','13621398909','123@qq.com','1','市场','长期跟踪',NULL,'2013-11-14 17:21:36','2013-11-14 17:21:36',3),(179,'史君艺','female','2010-08-01','矩阵','妈妈','13693062274','123@qq.com','1','市场','长期跟踪',NULL,'2013-11-14 17:25:31','2013-11-14 17:25:31',3),(180,'李松楠','female','2011-01-01','矩阵','妈妈','13146368010','123@qq.com','1','市场','长期跟踪',NULL,'2013-11-14 17:26:56','2013-11-14 17:26:56',3),(181,'李新月','female','2011-01-01','矩阵','妈妈','13910504961','123@qq.com','1','市场','长期跟踪',NULL,'2013-11-14 17:30:49','2013-11-14 17:30:49',3),(182,'小雨','male','2011-01-01','矩阵','妈妈','13811039787','123@qq.com','1','市场','长期 跟踪',NULL,'2013-11-14 17:31:42','2013-11-14 17:31:42',3),(183,'刘小溪','female','2011-02-01','矩阵','妈妈','13810591069','123@qq.com','1','市场','长期跟踪',NULL,'2013-11-14 17:32:51','2013-11-14 17:32:51',3),(184,'孙昕雨','female','2011-09-01','矩阵','妈妈','80757122','123@qq.com','1','市场','长期跟踪',NULL,'2013-11-14 17:33:47','2013-11-14 17:33:47',3),(185,'杨景森 顺顺','male','2011-01-18','矩阵','妈妈','13911787994','123@qq.com','1','市场','长期关注',NULL,'2013-11-14 17:34:55','2013-11-14 17:34:55',3),(186,'安以诺','female','2010-06-01','龙锦5','妈妈','18211198323','123@qq.com','1','市场','长期跟踪',NULL,'2013-11-14 17:35:42','2013-11-14 17:35:42',3),(187,'郭奕轲','male','0001-01-01','矩阵','妈妈','13718528798','123@qq.com','1','市场','长期跟踪',NULL,'2013-11-14 17:36:51','2013-11-14 17:36:51',3),(188,'程婧蕾','female','2011-12-01','矩阵','姥爷','80754304','123@qq.com','80754304','市场','长期跟踪',0,'2013-11-15 16:39:39','2013-11-15 16:38:54',3),(189,'马嘉一','female','2011-10-01','矩阵','奶奶','13693316561','123@qq.com','123','市场','长期跟踪',NULL,'2013-11-15 16:42:17','2013-11-15 16:42:17',3),(190,'王瑞晨','male','2010-03-04','矩阵19-2-501','爸爸','13810180065','123@126.com','123','口碑','已报课后班',1,'2013-11-23 10:26:29','2013-11-23 10:26:29',5),(191,'张悦舟','male','2011-08-30','龙锦二区12号楼3单元602','妈妈','13511024530','123@126.com','123','口碑','已报名',1,'2013-12-02 09:43:15','2013-12-02 09:43:15',5),(192,'刘子轩','male','2009-06-10','和谐家园','妈妈','13611148602','918843625@qq.com','1233','直访','已报名',1,'2013-12-14 07:50:35','2013-12-02 12:23:10',5),(193,'杨五一','male','2011-05-29','矩阵','妈妈','13520623194','123@126.com','123','直访','追追有戏',NULL,'2013-12-02 18:32:49','2013-12-02 18:32:49',5),(194,'盛睿阳','male','2013-08-29','矩阵19号楼1单元701','妈妈','18610618678','123@123.com','123','直访','已报名',NULL,'2013-12-04 08:16:41','2013-12-04 08:16:41',5),(195,'王玥','female','2010-03-06','龙锦五','妈妈','13810614299','123@126.com','123','口碑','已报名',NULL,'2013-12-07 10:23:57','2013-12-07 10:23:57',5),(196,'陈子阳','male','2011-07-01','矩阵','妈妈','15010361536','123@126.com','123','口碑','追追有戏',0,'2013-12-12 08:38:52','2013-12-12 08:33:15',5),(197,'王泽凯','male','2011-10-01','矩阵小区14号楼','妈妈','13269037793','123@126.com','123','口碑','追追有戏',0,'2013-12-12 08:39:13','2013-12-12 08:37:29',5),(198,'翔翔','male','2012-04-11','矩阵小区','妈妈','15910841587','123@126.com','123','直访','追追有戏',NULL,'2013-12-12 08:40:28','2013-12-12 08:40:28',5),(199,'陈逸晗','female','2011-06-07','矩阵小区','奶奶','13611229563','123@126.com','123','直访','追追有戏',NULL,'2013-12-12 08:41:33','2013-12-12 08:41:33',5),(200,'卢南君','female','2011-12-07','矩阵小区19号楼','妈妈','15901268079','123@126.com','123','直访','追追有戏',NULL,'2013-12-12 08:43:20','2013-12-12 08:43:20',5),(201,'周戈砚','male','2011-07-28','矩阵小区19号楼','妈妈','13910234726','123@126.com','123','直访','追追有戏',NULL,'2013-12-12 08:44:49','2013-12-12 08:44:49',5),(202,'亚芹','female','2011-09-06','矩阵小区','爸爸','13581504434','123@126.com','123','直访','追追有戏',NULL,'2013-12-12 08:49:10','2013-12-12 08:49:10',5),(203,'张茁','female','2009-04-14','矩阵小区','妈妈','13241690793','123@126.com','123','直访','追追有戏',NULL,'2013-12-12 08:50:33','2013-12-12 08:50:33',5),(204,'李青璇','female','2007-06-28','和谐家园二区1号楼','妈妈','18910737756','Lixing0405@sina.com','123','直访','已报课后班',0,'2014-01-14 18:11:09','2013-12-12 16:40:10',5),(205,'靳涵茹','female','2009-12-24','矩阵17-2-201','妈妈','13520086101','mouse_Lao@163.com','81749655','口碑','已报名',NULL,'2013-12-14 07:56:54','2013-12-14 07:56:54',5),(206,'许灏','male','2009-11-01','天鑫17号楼1单元502','爸爸','13522001844','126@126.com','123','口碑','已报名',NULL,'2013-12-14 08:02:25','2013-12-14 08:02:25',5),(207,'卢世博','male','2010-05-02','矩阵22号楼3单元202','妈妈','13810631760','123@126.com','爸爸13488774953','直访','已报课后班',NULL,'2013-12-20 10:14:46','2013-12-20 10:14:46',5),(208,'孙楚涵','male','2010-08-25','矩阵19-5-501','妈妈','18600661762','sunaw2008@163.com','爸爸18610015596','直访','已报课后班',NULL,'2013-12-20 10:16:49','2013-12-20 10:16:49',5),(209,'孙忆帆','female','2013-04-10','矩阵','妈妈','13810132360','123@125.com','123','直访','挖掘需求',NULL,'2013-12-23 19:05:30','2013-12-23 19:05:30',5),(210,'潘若然','male','2010-11-19','矩阵','妈妈','18801140356','123@126.com','123','直访','追追有戏',NULL,'2013-12-23 19:11:18','2013-12-23 19:11:18',5),(211,'王施然','male','2011-06-29','天鑫家园','妈妈','13720054519','123@126.com','123','直访','追追有戏',0,'2013-12-23 19:13:59','2013-12-23 19:13:34',5),(212,'王心','male','2009-12-10','龙锦五','妈妈','13601087492','123@126.com','123','口碑','敲定时间',0,'2013-12-30 17:37:08','2013-12-23 19:15:50',5),(213,'刘瑞祎','male','2012-10-01','矩阵小区14号楼','妈妈','18601245610','123@126.com','123','直访','追追有戏',NULL,'2013-12-26 18:24:47','2013-12-26 18:24:47',5),(281,'肖亦辰','female','2014-01-09','龙锦五','妈妈','13521266577','2@qq.com','2','市场','长期跟踪',NULL,'2014-01-10 08:51:47','2014-01-10 08:51:47',5),(282,'孙可朵','female','2009-05-19','矩阵17-3-903','妈妈','18600671572','122@126.com','爸爸13001500413','口碑','已报名',0,'2014-02-13 16:52:27','2014-02-13 16:49:19',5),(283,'冯天睿','male','2014-03-10','矩阵','妈妈','15201590243','123@126.com','123','口碑','已报名',1,'2014-03-01 11:43:16','2014-03-01 11:43:16',5),(284,'李雨青','male','2014-03-03','矩阵小区','妈妈','123456','123@126.com','123','口碑','已报名',1,'2014-03-03 18:35:25','2014-03-03 18:35:25',5),(285,'程奕欣','female','2012-06-28','矩阵23号楼503','妈妈','13681553022','123@126.com','123','口碑','已报名',1,'2014-03-06 08:01:04','2014-03-06 08:01:04',5),(286,'陈博远','male','2010-02-21','华龙苑北里3号楼6单元301','妈妈','13810111131','123@126.com','爸爸13811909025','直访','已报名',1,'2014-03-06 08:17:05','2014-03-06 08:17:05',5);

#
# Structure for table "communication"
#

DROP TABLE IF EXISTS `communication`;
CREATE TABLE `communication` (
  `id` int(11) NOT NULL auto_increment,
  `content` varchar(4096) default NULL,
  `communicationDate` timestamp NOT NULL default CURRENT_TIMESTAMP on update CURRENT_TIMESTAMP,
  `sid` int(11) default NULL,
  PRIMARY KEY  (`id`),
  KEY `sid` (`sid`),
  CONSTRAINT `communication_ibfk_1` FOREIGN KEY (`sid`) REFERENCES `student` (`id`) ON DELETE CASCADE
) ENGINE=InnoDB DEFAULT CHARSET=utf8;

#
# Data for table "communication"
#

INSERT INTO `communication`(id,content,communicationDate,sid) VALUES (1,'爸爸接，是否来听亲子试听课，要问妈妈，爸爸不在北京。','2013-11-05 16:05:49',4),(2,'爸爸接，要带孩子出去玩。','2013-11-05 16:05:49',4),(3,'外公，外婆带来听亲子课，孩子很喜欢，多赞美鼓励孩子就跟你互动的很好。老人不做主。','2013-11-05 16:09:59',5),(4,'妈妈来试听亲子课，妈妈在家报的有网课。妈妈标准高。','2013-11-05 16:37:51',6),(5,'跟外婆说好了来，聊的还high，结果周六没来，再打电话都是拒接，挂。','2013-11-05 16:41:27',7),(6,'父母一起来，孩子不说话，看着别人，妈妈较强势。','2013-11-05 16:44:44',8),(7,'姥姥和保姆带孩子，妈妈在附近超市上班，下午四点下班，已经试听过。','2013-11-05 16:50:30',10),(8,'早上的试听课，要来，孩子起晚了。没来成。','2013-11-05 16:54:58',12),(9,'妈妈说孩子肺不好，咳嗽很久了，说还需要调养。有活动时可以联系。','2013-11-05 16:59:38',14),(10,'男孩2岁了，妈妈说孩子爱打人，不会说话，周二到周五半天都要去上感统训练的课。剖腹长，提前17天生的，孩子有很多的愤怒，安慰了妈妈孩子没问题，注意耐心，爱心，宽和。亲子课可以考虑，妈妈说只要他不打人就行。','2013-11-05 17:06:24',15),(11,'想找托班，亲子课暂不考虑。约了下午来我们这看看，没见来。','2013-11-05 17:09:24',16),(12,'认识田田。','2013-11-05 17:10:05',16),(13,'无法接通。','2013-11-05 17:13:18',17),(14,'无法接通，咨询英语。','2013-11-05 17:15:59',18),(16,'10.15约了人要出门。','2013-11-06 08:58:49',20),(17,'爸爸说明天中午再确认，他说他对孩子的教育状况不关心。17号说不来了要带孩子去照相，以后再说。','2013-11-06 09:19:15',22),(18,'爸爸妈妈一起来听试听课，720打9折，报名了，孩子是奶奶带，山西吕良人。妈妈很细心，做销售的。','2013-11-06 11:17:16',26),(19,'爸爸妈妈一起来上亲子试听课了，爸爸给孩子喝水时，把宝宝下巴磕烂了，爷爷奶奶很生气。孩子眼睛很水灵。','2013-11-06 11:45:32',27),(20,'妈妈说孩子一上教室就哭，励步都哭。','2013-11-13 09:41:37',68),(21,'在红黄蓝报名了。舞蹈。','2013-11-13 09:45:29',69),(22,'10.17亲子试听课约好了没有来，10.24妈妈说已经选别的幼儿园。','2013-11-13 11:55:00',85),(23,'试听了亲子课，妈妈说12月份再联系，金宝贝的课还有2个月的课时没有消耗完。','2013-11-14 09:39:43',90),(24,'妈妈来试听亲子课，有兴趣，木老师接待聊的很久，想平时让孩子上亲子班，也想让孩子上英语课。','2013-11-14 10:55:09',91),(26,'约了今天下午的美术试听课，妈妈知道地方。','2013-11-14 11:17:14',92),(27,'给妈妈打电话，妈妈说感觉孩子不在状态，到处跑，英语课跟风想上，又担心年龄太小。说想再体验一次亲子课。','2013-11-14 11:24:07',91),(28,'再试听看看','2013-11-14 11:24:52',91),(29,'10.17约试听亲子课没有来，10.24泡温泉区了，','2013-11-14 11:35:06',94),(30,'10.17奶奶说要与父母商量，未果，不来。','2013-11-14 11:36:58',95),(31,'已上别家亲子课','2013-11-14 11:44:17',97),(32,'妈妈拿不定主意，爸爸不同意，亲子课约了几次都没有来成。','2013-11-14 11:48:35',99),(33,'小名悠悠，奶奶带。','2013-11-14 11:50:10',100),(34,'孩子小姨看孩子，15637848804,10.24回石家庄省亲。','2013-11-14 11:52:49',101),(35,'已报名亲子课。','2013-11-14 11:55:38',102),(36,'认识航航妈妈','2013-11-14 11:56:13',91),(37,'昊昊爸爸介绍，2012年五一参观过。','2013-11-14 15:12:48',119),(38,'韩露宇介绍的。','2013-11-14 15:30:48',127),(39,'杜老师联系的 ，天鑫13651176083','2013-11-14 15:33:27',129),(40,'4.12号通知参加亲子游。','2013-11-14 16:04:17',145),(41,'妈妈4点打电话说孩子昨天感冒了，问下次能不能再通知他们。','2013-11-14 16:06:31',92),(42,'奶奶带','2013-11-14 16:16:53',147),(43,'妈说明天有事亲子课来不了','2013-11-14 16:30:22',149),(44,'平时舞蹈 绘画','2013-11-14 16:34:09',150),(45,'5.3号短信通知来上亲子课','2013-11-14 16:39:38',154),(46,'5.3短信通知上亲子课','2013-11-14 16:42:11',156),(47,'认识王玥家','2013-11-14 16:51:43',158),(48,'5.2发短信通知上亲子课','2013-11-14 17:00:42',164),(49,'10.18的试听课亲子，没来','2013-11-14 17:08:32',170),(50,'来试听了，孩子老师自己找东西玩，不听指挥，精力旺盛，妈妈没意思。','2013-11-14 17:10:28',171),(51,'10.18号的试听课，孩子不在比较，11月回来联系。','2013-11-14 17:15:25',173),(52,'妈妈接，孩子出去玩，没在家','2013-11-14 17:20:17',177),(53,'短信通知上亲子试听课','2013-11-14 17:25:31',179),(54,'不想上周末班，平时有课可以通知。','2013-11-14 17:26:56',180),(55,'占线','2013-11-15 09:05:55',4),(56,'爷爷接，想年后再报名。我说会涨价，他说涨价没事。','2013-11-15 09:08:28',5),(57,'未接','2013-11-15 09:09:51',6),(58,'外婆接，亲自试听课来，明天早上10:20-11:00.和妈妈一起来。孩子爱早起。','2013-11-15 09:14:41',7),(59,'姥爷给了另外一个手机号，老家的15045500158，说孩子生病了。','2013-11-15 09:20:08',8),(60,'姥爷给了另外一个手机号，15045500158，孩子生病了。','2013-11-15 09:21:34',8),(61,'姥爷给了另外一个号，15045500158，说孩子生病了。','2013-11-15 09:26:14',8),(62,'妈妈说孩子还太小，1岁1个月，再大一点联系。','2013-11-15 09:32:04',9),(63,'妈妈说孩子1岁一个月，太小了，年后年龄差不多。','2013-11-15 09:35:43',9),(64,'太小了','2013-11-15 11:23:13',11),(65,'电话无人接听','2013-11-15 11:24:51',12),(66,'太小不满周岁','2013-11-15 11:25:12',13),(67,'妈妈说感统课上了16次了，现在习惯老师了，不打老师了，愿意跟奶奶说再见分离了，会收拾玩具了，同时需要老师和妈妈的陪伴示范。','2013-11-15 11:31:46',15),(68,'妈妈说争取过来，想让他上课，自己下班后觉得累，也不想教，家里干扰，溺爱，我说都是院子里的孩子，妈妈想要这样的环境。','2013-11-15 11:33:43',15),(69,'孩子2岁半，已经上幼儿园小班了。亲子课不考虑。','2013-11-15 11:37:52',17),(70,'妈妈说已经在英语机构报名了。','2013-11-15 11:39:34',18),(71,'电话无人接听。','2013-11-15 11:41:13',20),(72,'占线','2013-11-15 11:42:01',21),(73,'这是姑姑的电话，要妈妈的电话。在另一部家里的手机上。','2013-11-15 11:48:57',21),(74,'爸爸这次可以来。告诉了地址。','2013-11-15 11:51:52',22),(75,'电话无人接听','2013-11-15 11:53:30',23),(76,'电话无人接听','2013-11-15 11:55:31',24),(77,'妈妈说下周要和孩子回老家了。','2013-11-15 14:16:02',20),(78,'更正了名字，生日。马上1岁。','2013-11-15 14:21:07',62),(79,'孩子2岁8个月，妈妈已经在我们园里交了定金，年后上学。','2013-11-15 14:31:24',63),(80,'宝宝才一岁一个月，太小了，要了爸爸北京的手机号。','2013-11-15 14:35:40',64),(81,'奶奶接，说在亲亲袋鼠上了一年多了，让别再打电话了。','2013-11-15 14:37:50',65),(82,'关机。','2013-11-15 14:38:31',66),(83,'11月中旬定入托','2013-11-15 14:43:53',67),(84,'占线，拒接。','2013-11-15 14:56:14',67),(85,'爸爸说明天上午要出去，该找幼儿园了，让他们过来参观。爸爸说会找时间过来。','2013-11-15 14:59:47',70),(86,'长途电话，无人接听。186手机已经停机。131还能打通。','2013-11-15 15:03:02',71),(87,'妈妈说宝贝3岁了，该上幼儿园了，邀请她找时间来参观。','2013-11-15 15:08:11',73),(88,'妈妈说没时间，改天再聊。','2013-11-15 15:09:17',72),(89,'妈妈说没时间，改天再聊。','2013-11-15 15:09:40',72),(90,'回老家半年多了，年后年龄正好适合上幼儿园。','2013-11-15 15:13:35',74),(91,'错号了，人家孩子都上初中了。','2013-11-15 15:15:13',75),(92,'妈妈接，孩子发烧了，没在矩阵住，','2013-11-15 15:18:38',77),(93,'奶奶接，说已经上幼儿园了。','2013-11-15 15:21:20',78),(94,'电话无人接听。','2013-11-15 15:28:17',79),(95,'孩子一岁七个月，妈妈说周六要去驾校学车，都带着孩子，说孩子离不开她，爸爸弄不了。说明天试试让爸爸带他来上亲子试听课。','2013-11-15 15:32:00',80),(96,'爸爸接，更新了名字和生日。2岁半。','2013-11-15 15:35:32',81),(97,'妈妈接，说已经体检完了，明天或者后天让爸爸来交托费。','2013-11-15 15:41:09',82),(98,'跟奶奶回东北了。','2013-11-15 15:46:14',86),(99,'拒接','2013-11-15 15:52:24',87),(100,'爷爷回老家了，孩子在北京，爷爷告诉我地址15号楼3单元1001，让我去家里找去。他不记父母的电话。','2013-11-15 15:59:16',88),(101,'妈妈说明天不体验了，出门。有意向，但是没定见。','2013-11-15 16:35:11',91),(102,'再接电话换成男声了，说妈妈和孩子也在邢台呢。','2013-11-15 16:35:58',21),(103,'姥爷说明天走亲戚给哥哥过生日。','2013-11-15 16:39:39',188),(104,'回密云区了','2013-11-15 16:42:17',189),(105,'来不了妈妈接','2013-11-15 17:24:27',24),(106,'爸爸说双休日带孩子出去玩，等天冷了出不去玩的时候再上，还是有兴趣的。','2013-11-15 17:26:31',4),(107,'在老家','2013-11-15 17:27:03',153),(108,'已报名','2013-11-23 14:49:06',16),(109,'试听完了后说上课的时候不专心，想周末试听','2013-12-05 15:52:55',92),(110,'试听完了后说上课的时候不专心，想周末试听','2013-12-05 15:52:55',92),(111,'课后班，跟刘锦瑶一样大，周三下午在别的地方有科学课，最近会搬家到附近，可以预约家长英语测试','2013-12-12 08:52:29',203),(112,'爸爸说出差了，明年3月入托，已告知调价，最近联系一下让家长交定金','2013-12-12 08:53:05',203),(113,'在梦的花园，觉得他们价格有点贵，想看这里的价格要是合适的话会考虑','2013-12-12 08:55:06',203),(114,'在考虑价格问题，跟家里人商量，近期需要紧密联系','2013-12-12 08:55:42',203),(115,'预约了本周的亲子课','2013-12-12 08:56:06',203),(116,'爷爷上门咨询，明年3月，妈妈8点以后才能回家','2013-12-12 08:56:47',199),(117,'预约了本周末的亲子课，希望能按月交费，已经告知家长前6次课可以退费','2013-12-12 08:57:26',199),(118,'大跳跳，可以预约亲子课，想明年3月入托，告知家长调价，可以提前交定金','2013-12-12 08:58:09',201),(119,'告诉妈妈要调价，妈妈说明年3月一定来','2013-12-12 09:02:31',14),(122,'姥姥，停课，下周上课','2013-12-14 07:57:13',205),(123,'爸爸，停课，下周上课','2013-12-14 08:02:44',206),(124,'妈妈，停课，讲义发邮箱','2013-12-14 08:03:30',192),(127,'妈妈，停课，下周上课，一会来拿讲义','2013-12-14 09:02:29',195),(129,'妈妈，正忙','2013-12-20 10:18:16',207),(130,'爸爸，停课，一定要看讲义','2013-12-20 10:20:19',207),(131,'妈妈，停课，看讲义，下周正常上课','2013-12-20 10:23:51',208),(132,'下周正常上课','2013-12-20 10:26:33',207),(133,'妈妈，老师生病，听一次课，下次上课再打电话','2013-12-20 10:46:57',26),(134,'妈妈，老师生病，停课，下周上课','2013-12-20 10:50:21',102),(135,'发短信告知钢琴停课','2013-12-21 07:55:33',208),(136,'已告知妈妈折扣','2013-12-23 19:07:08',197),(137,'小名虎虎，入托正在选择中','2013-12-23 19:12:00',197),(138,'最近房子在装修，有时间来看看','2013-12-23 19:14:27',211),(139,'妈妈，在外地，年后回来','2013-12-26 18:20:26',96),(140,'无法接通','2013-12-26 18:20:55',96),(141,'钢琴老师有活动，停课一次英语正常上课','2013-12-27 17:42:34',208),(142,'马上到了','2013-12-28 08:50:36',192),(143,'妈妈，停课，下周正常上课','2013-12-28 09:08:08',208),(144,'开会，一会再打','2014-01-03 10:14:45',26),(146,'停课，三月初开课，寒假作业发邮箱','2014-01-14 18:13:51',204),(147,'不来了，直接上学前班了','2014-02-20 16:02:16',14),(148,'家住市里，不报名了','2014-02-20 16:03:38',212),(149,'开课','2014-02-21 18:33:56',192),(150,'开课','2014-02-21 18:34:45',205),(151,'开课','2014-02-21 18:35:28',205),(152,'开课','2014-02-21 18:36:32',195),(153,'生病了','2014-03-01 08:56:00',192),(154,'下周上课','2014-03-04 19:28:09',204),(155,'公开课','2014-03-06 20:07:14',195);

#
# Structure for table "stu_class"
#

DROP TABLE IF EXISTS `stu_class`;
CREATE TABLE `stu_class` (
  `sid` int(11) NOT NULL default '0',
  `cid` int(11) NOT NULL default '0',
  PRIMARY KEY  (`sid`,`cid`),
  KEY `cid` (`cid`),
  CONSTRAINT `stu_class_ibfk_1` FOREIGN KEY (`sid`) REFERENCES `student` (`id`) ON DELETE CASCADE,
  CONSTRAINT `stu_class_ibfk_2` FOREIGN KEY (`cid`) REFERENCES `class` (`id`) ON DELETE CASCADE
) ENGINE=InnoDB DEFAULT CHARSET=utf8;

#
# Data for table "stu_class"
#

INSERT INTO `stu_class`(sid,cid) VALUES (28,1),(83,2),(191,2),(194,4),(282,1),(283,3),(284,1),(285,4),(286,6);

#
# Structure for table "payment"
#

DROP TABLE IF EXISTS `payment`;
CREATE TABLE `payment` (
  `id` int(11) NOT NULL auto_increment,
  `payAmount` float default NULL,
  `purpose` varchar(128) default NULL,
  `doesNeedReminder` tinyint(1) default NULL,
  `startDate` timestamp NOT NULL default CURRENT_TIMESTAMP on update CURRENT_TIMESTAMP,
  `endDate` timestamp NOT NULL default '0000-00-00 00:00:00',
  `remark` varchar(256) default NULL,
  `payDate` timestamp NOT NULL default '0000-00-00 00:00:00',
  `sid` int(11) default NULL,
  `uid` int(11) default NULL,
  `payer` varchar(64) default NULL,
  `receiver` varchar(64) default NULL,
  `pwayid` int(11) default NULL,
  PRIMARY KEY  (`id`),
  KEY `sid` (`sid`),
  KEY `uid` (`uid`),
  CONSTRAINT `payment_ibfk_1` FOREIGN KEY (`sid`) REFERENCES `student` (`id`) ON DELETE CASCADE,
  CONSTRAINT `payment_ibfk_2` FOREIGN KEY (`uid`) REFERENCES `user` (`id`) ON DELETE CASCADE
) ENGINE=InnoDB DEFAULT CHARSET=utf8;

#
# Data for table "payment"
#

INSERT INTO `payment`(id,payAmount,purpose,doesNeedReminder,startDate,endDate,remark,payDate,sid,uid,payer,receiver,pwayid) VALUES (1,4032,'2013.8-2013.10托管费',1,'2013-08-01 00:00:00','2013-10-31 00:00:00',NULL,'2013-11-08 00:00:00',28,2,'杨慧慈','包文渊',2),(10,1880,'托管费',1,'2013-11-01 00:00:00','2013-11-30 00:00:00','票号3006327','2013-10-31 00:00:00',83,2,'张煜凡','包文渊',7),(25,1880,'12月托费',1,'2013-12-01 00:00:00','2013-12-31 00:00:00','票号3006182','2013-12-02 00:00:00',191,5,'张悦舟','穆赫',7),(29,1680,'托费12月',1,'2013-12-01 00:00:00','2013-12-31 00:00:00','票号3006193','2013-12-04 00:00:00',194,5,'盛睿阳','穆赫',15),(30,8064,'201402-07托管费',1,'2014-02-01 00:00:00','2014-07-31 00:00:00','票号1109207','2014-02-14 00:00:00',282,5,'孙可朵','穆赫',3),(31,1880,'3月托费',1,'2014-03-01 00:00:00','2014-03-31 00:00:00','票号1111984','2014-02-27 00:00:00',83,5,'张煜凡','穆赫',7),(32,4032,'托管费3-5月',1,'2014-03-01 00:00:00','2014-05-31 00:00:00','票号1111988','2014-03-01 00:00:00',283,5,'冯天睿','穆赫',10),(33,1344,'托管费3月',1,'2014-03-01 00:00:00','2014-03-31 00:00:00','票号1111997','2014-03-03 00:00:00',284,5,'李雨青','穆赫',1),(34,4284,'托管费3-5月',1,'2014-03-01 00:00:00','2014-05-31 00:00:00','票号11099281','2014-03-06 00:00:00',285,5,'程奕欣','穆赫',11),(35,3264,'托管费3-5月',1,'2014-03-01 00:00:00','2014-05-31 00:00:00','票号1109288','2014-03-06 00:00:00',286,5,'陈博远','穆赫',20);
